gm,TGvNyCXKNPFL,12,31,15161
gm,DPfxGQtIYSgGZdr,494,6,52199
gm,RnoSMnBrtekeB,732,5824,72195
gm,oxfCJIEzCrnWyWYZzZ,6,14,75593
gm,euQfAZXagwqISFGye,693,3325,61935
gm,JkJVEKcaATex,6992,47,11119
gm,sqyxnONOTGgok,9,5131,91543
gm,yguRKb,87,51,15178
gm,HWydCfoPHDXkO,53,7364,59121
gm,nvWHuQZITmY,8,8759,37389
gm,FtdDtXNGirrpIc,727,6,21243
gm,pzphIkuY,593,32,44972
gm,VZUKtQmK,64,9358,68488
gm,FmGmuwIgKA,9594,8,44116
gm,wquRbX,3,15,27279
gm,gQqkSC,4,5964,86791
gm,Lxczwja,74,77,23818
gm,lfkqqD,8,5,41459
gm,EPRDmObJj,951,3,43211
gm,rXnfKURxI,644,2969,76951
gm,UBfiigWoHmoHKpP,816,46,79819
gm,qTTtPJYIvaxvg,73,28,91763
gm,EevNjj,8,8,93232
gm,LmFkisSOPU,215,28,68588
gm,fCrhxpeAkyWcxTpC,63,86,42461
gm,ZOQODGXGkqI,3954,3,31621
gm,bowHYK,38,4447,43429
gm,VOfNvyJjYHZUYlhNkrh,17,42,13134
gm,eYFksVaOCC,5626,37,47483
gm,wqqEUWjhY,8828,229,75991
gm,eMHekGyfRrOsCDAZj,8547,87,46722
gm,pSwEjmS,6,549,69516
gm,skoFqGkwMVTPNngYb,71,951,94879
gm,joCGqPKlfslFx,42,71,87786
gm,RbRzmkiqiGrgZmDyAjat,6,76,32546
gm,kJWAwAZnXgjyJoNJLvE,26,23,98257
gm,BoFecxUXMCk,2,56,63975
gm,CblwdjeDmhcR,66,5858,26348
gm,nNFryxNc,931,793,79767
gm,jrEFbotXFSzRuyhXFrSb,4,1,37296
gm,zkOguHhen,51,783,74911
gm,OAZXODbKaPcZM,1647,1,55764
gm,ALfDLLzYjAnQXh,362,693,72321
gm,MxqLZTh,458,11,49911
gm,DwryKrq,2,3148,85862
gm,plFaqdjKsPaudgWFMS,7318,3,72431
gm,cefQMbxaZqNn,66,333,79188
gm,tWEcjVdiUtQAKTbaBrAV,218,88,51784
gm,IfiTY,316,8,15224
gm,oMqObbyzVvVX,4864,743,91236
gm,gDYFRsbgW,374,8425,53393
gm,RUdwmZanfKgV,148,2776,76186
gm,WOcCTS,4,35,17296
gm,MfduiyHfZDkRCENwaLJ,6581,911,69262
gm,tvIpedzbrg,347,627,19898
gm,qitpVsSEZpG,4,2,56182
gm,cJhnlQFbJHwqIDpqmoC,159,969,14899
gm,kHTRzPz,2436,875,21967
gm,EdXUjtELU,267,173,63865
gm,frxAhWdAcHBn,2161,2665,85566
gm,aaSaqwkoQFHbdM,99,9,25729
gm,jaTuxatN,9396,43,18539
gm,vOODPkDbmwDBy,14,1696,53717
gm,vYtixbceP,5,8,49851
gm,iFKaPEDlYRTY,4382,84,22486
gm,TGDgMkeBZCdOSvqCGVN,615,9663,87165
gm,zDiDLOoVxhOf,1,8,92993
gm,KlyDCuWyCsLiKzCVaaiA,689,6,49959
gm,TfpaHgViezMkqCgjl,1394,1813,22259
gm,hDwIbq,23,76,64535
gm,ttMXWW,1885,93,12926
gm,bTZwagPpgLMwggL,185,7854,65437
gm,dWgZE,65,27,73852
gm,emepCF,9976,2,25221
gm,pIlDpVRwsCBipctD,7,7891,88588
gm,xcqLHBmMGWXTludIXpBM,449,6218,35683
gm,CEGAFkAHiHsMuqFiS,44,6,78853
gm,dcChG,954,6,27119
gm,RKchSKVioMwKRzgd,93,2839,62819
gm,ZvxUKNOHhJpgJdOZHtQv,33,18,91586
gm,CCYhf,9978,5757,95119
gm,mApfHnE,4726,184,54918
gm,OYcIAcchz,1,88,23885
gm,AmdMBYEgSookjMrk,4,667,84367
gm,trNlmknheoLGS,67,9811,72155
gm,BhNtHJ,2289,3559,45942
gm,tIiQFDzD,799,1329,28723
gm,wulGYKAGRkLd,77,3,27126
gm,AZyYhowbnbtqhz,8768,737,34765
gm,LyiYkVdEM,12,33,83626
gm,idOprVkXCa,81,3,81834
gm,dexuo,5,21,93324
gm,DaslIgigcWDPV,2,598,52957
gm,dFUCPPsAasotVbpGuZQ,9,3,41462
gm,QVGKblFMigAzMme,23,4,94121
gm,yCfnWhqdaJtDBnrSUC,1,77,86994
gm,zAntoZJ,1261,73,54593
gm,SmDbtfmyZZaotr,26,1727,97225
gm,stGNJjhBuvmxmjhOFyrY,2927,77,96372
gm,aTtxthcXAhcyiYK,34,5,19552
gm,CRBALgNnbH,5,749,58257
gm,ZiQAQZnTeHGLJbOnHVA,5,9,41356
gm,qpRiLwsyTELtbqj,41,2,74672
gm,rwxMMTnZvbHARDD,9836,75,23432
gm,NhERFVDxHH,9,777,61451
gm,mGGnCagIDfzrUoe,43,8631,21475
gm,ykYescqlhdr,347,1911,99443
gm,UpBaBPfqfdFFGW,96,8686,42477
gm,MVUnkiRWFIuRV,139,39,36988
gm,dQOEfrVPbs,7474,5,82177
gm,vFNxDHDYqlrgWYsPeD,39,69,58487
gm,TOzcZUFxDZSdk,519,8,35698
gm,FaYmDbvIFxD,3,9277,34822
gm,lzUvKKJhiDkotoJP,8,149,68597
gm,seGhvGUE,952,2763,13997
gm,ozkaZIUclqG,9,317,24295
gm,dpIkJkuFOtgJosxW,46,24,76192
gm,znsaPdS,35,4,84639
gm,AQSjrJE,269,98,41464
gm,pmiqMbhphERghM,68,2115,18253
gm,lgBgFeWU,319,45,88183
gm,FssnuEVB,2386,8544,94482
gm,Naqjqpaq,34,9654,21228
gm,buIdHLEoafNS,76,1548,24548
gm,jEfJBiMVH,63,274,87558
gm,cUMaHqSs,522,739,87494
gm,bnkjk,1,47,27116
gm,dSbdPdKr,78,5,95813
gm,lgbfPNngtlrBndNwjpm,8913,6,73825
gm,loPYQxPhEbtdWzjk,1,2,47295
gm,IHyJTvIlgA,485,3836,63394
gm,dUlZAABET,937,771,79668
gm,puZZqdIBLAPjvzeqb,3276,6,88614
gm,ZKsnIESjlCSZdEEuOCp,21,394,72835
gm,iMPoeCQGFxPRvM,4431,329,75183
gm,DwQmrUsJktBZ,2299,959,73786
gm,tVZXMnzINGRup,1658,449,94954
gm,DIIVRBrQczdyeCBs,81,724,99567
gm,pWRWsuJ,3472,173,12183
gm,oHAyoZKwfZ,4,5,47367
gm,jkrbaejbj,238,3,82171
gm,kekpjsfr,9,1,81187
gm,ZBorpBpwXao,7746,3,73551
gm,wLbfBCJZrJio,9487,15,11468
gm,EFrevZffQf,9,991,58495
gm,jrgtiEiNKHQmYLC,68,72,29474
gm,NzmDITKhztkBt,13,4,51316
gm,jgksCrMMCMLS,3,15,61389
gm,GldCQlGzcxbWn,739,4,83456
gm,WKgetjUpOXQtDnyG,18,1284,88354
gm,luTxBQVEyZxjYAL,172,243,56615
gm,HLPnyc,12,47,55362
gm,WxVKW,259,6496,78777
gm,jhZbX,3482,24,39989
gm,UJAdtEdVOUAINaUsqTc,9,8278,56566
gm,dChKGQhoWuqA,4957,5841,84571
gm,NetJchpHrrtLAuUTpct,98,28,33845
gm,mEhYcinmYQtZzBsqIU,9,395,89347
gm,eXLiJXVjOfQarodr,645,15,62518
gm,BQxpyuabWGNYaByFUE,6,7194,39681
gm,zcTjWimdTgqt,374,66,66359
gm,ZvcWBH,63,66,31811
gm,tNPnluuhTFDYgEYmMwk,8,9,14456
gm,PfbkOizmz,449,5,99436
gm,aGQLHCoAgxtly,2,3,78829
gm,wMheBwNC,6,2144,23468
gm,PoLFxUHBUlOvNwF,28,2879,29659
gm,UPwgyKHBfYJHK,4499,5155,54952
gm,ngtHR,1913,94,57187
gm,osTYqrwpKs,6,6,63928
gm,AfFxnHVYPji,78,5538,19546
gm,JXzootTzyRB,8677,1662,58472
gm,OcDoqpJmFajUVeg,68,4144,79777
gm,AUnyefzo,6593,9456,94492
gm,YIqJxRG,7,312,94818
gm,wiFnacwP,9,27,48856
gm,hxwVMiGOMFcEvg,51,3393,52382
gm,nglCPazeY,3,4,25259
gm,deHMYNlNSernqi,5977,937,74792
gm,XpVcr,47,62,77315
gm,YTkzTINTEy,8,1887,82615
gm,tSxOOx,84,4743,28137
gm,appHa,8,33,94984
gm,JTSRl,1637,47,41584
gm,iEkDIwRdHZOpCptfQ,291,7,96472
gm,uGRWsZVyUMROCdb,9768,1,51173
gm,YBjdYjBMCtykQ,7992,466,34718
gm,VizKquWyowsjQfC,8574,5,11919
gm,GQBgTOWaSWxfeXRePip,599,294,85628
gm,PnQxnCYnFCxVzP,8747,73,56548
gm,jctAdtPTUutrKWF,143,23,75586
gm,fXxecVzPCcG,5,77,71233
gm,STZcgJa,6176,3,15332
gm,mfwaDuRoVbbbEQz,2,3,12716
gm,WnJmqhtdAxug,1958,8,48835
gm,OXdsIY,6181,4,78416
gm,iKtiyYTDPFqZI,9,14,59756
gm,SCjhhZWC,99,733,79669
gm,ANLkkpVdCrBsDMdNFMkP,2,993,38729
gm,AqaENZzUGpsIhZCe,39,2482,77766
gm,rePGoPoDAOmLVdbRgFQR,2967,92,42982
gm,fIcRPBztAsxZeYVM,92,2,62359
gm,gTcWkMxwBLQJLFmP,29,35,87648
gm,zLLvtv,533,35,59635
gm,UWimsEFIDMoEH,16,487,67239
gm,cRhQoh,935,611,82881
gm,vlnDsuotJdgz,613,6,96912
gm,vhUfGTWeeEftPK,1565,2,66297
gm,VPHolYFUCVycsMKTkbyx,3,8365,32885
gm,oSmdapag,2433,8792,51372
gm,frQRiQDBWwkoi,5,49,72989
gm,ECbfsfIcsSsVi,346,7512,27937
gm,SXCCyektQnDp,4445,79,13251
gm,nCMuSsYVnnFDc,83,87,92145
gm,ZSyuIira,7495,6387,88546
gm,QJoXvavUfXeAafw,215,4742,86583
gm,NZLHBeBeZ,7913,4245,27175
gm,VvhzSLnLBbWHSAdqDk,3363,9281,34656
gm,SiwrsDJhKQecweLwV,85,36,67785
gm,oIeXUEztorE,941,952,52555
gm,KtJZrwXuiBuq,4,9,87246
gm,kCCCAsYjUnzWgIACGd,648,33,12373
gm,ruRvilGVSRNhWC,8,76,78658
gm,aNkzIWMJnmjgEL,3892,619,32261
gm,jNLGGCSOmGil,69,8,47996
gm,dppng,464,16,89589
gm,VbcplxqigJMmDRlUzIJe,5,8285,34916
gm,nAjVuH,53,7,55645
gm,rMwlbqDMJfXlxSP,18,86,34914
gm,PoouXMsmf,8425,131,52348
gm,BkcIqarQaSp,1228,23,64956
gm,snnwU,42,1248,52227
gm,ZSOLLOJRMxdci,1,7189,83525
gm,EohClzIfMFs,2,6,32622
gm,mmgxBjE,2294,4987,64165
gm,sibTmNo,2651,969,95874
gm,HLseyVcndPsphNjc,73,1845,62891
gm,xGftf,949,3696,57341
gm,bmvqUffDZzauUIsVOvk,326,7529,68662
gm,xsycIEPKEIrbuZeocL,21,5627,69113
gm,vfrybLzKadAMUXsrdxLo,2721,3,16697
gm,inqPEaIZLpMlu,7478,7724,63595
gm,MwmbdMzamiYrpbtibBEg,513,5,25788
gm,zLpwXbsJ,35,78,21342
gm,JMJOM,58,489,14343
gm,fVWeViNz,3,65,68417
gm,UCyCkgowLHRgrnqM,371,1578,33723
gm,mWhfbEpGhVCXo,514,5497,46519
gm,BqwhbwziYRH,777,8,32111
gm,MPWVcYFWIaawdXR,4,76,74861
gm,PyaEPN,3118,7929,74954
gm,zzYOVPyBwfmkd,84,217,37214
gm,ptMJFOymJcyTSw,19,58,26365
gm,IwTYrMuqSqxYSsy,4,6,28571
gm,HuIFeXirPBEMVeHowsn,8412,3337,85217
gm,nuYkBzQUZXcQIf,423,543,13892
gm,rWPzewYycZqABofX,114,84,48955
gm,GhssiAKMfcpPIteagU,6,9,87237
gm,UMfpOFhJBSIcumsG,4,5874,29819
gm,wEpnuhlNl,758,5,57196
gm,TCBct,364,3,68955
gm,nvSWcfEJyVJ,233,19,71393
gm,MlHmZjFzseWqPIztkaLO,26,7478,95158
gm,wlBXbsFRpV,93,32,54592
gm,iiuERhomEPCoqQ,641,6,53782
gm,diRpMniIlH,61,96,64334
gm,tSabfZWjNt,8,3464,18693
gm,MnhgIDixAbODXZlpix,2388,387,52172
gm,RuzbKARSgzcyqNetu,89,713,67433
gm,pfJoTcAOWdW,5722,8657,64661
gm,MWhXmQktZbCZcm,976,8642,34851
gm,pSQBuTiTEGSl,7,866,48236
gm,uuoDPLyP,999,4,87414
gm,rXLcYJhJF,1,564,12789
gm,ihPGnmLBQKWYFCvsy,8,992,49798
gm,yMisCoLQvKhxi,12,3764,76981
gm,vZtCIsvyiWQzcpvIc,5323,55,69394
gm,rcROIQFzYwAgpvw,6,8222,72268
gm,JeNriBZzaaeBP,8267,93,12734
gm,FTaGrEhopRJPgIKltbZu,19,52,86563
gm,bWETNidcBaCy,7933,3,28323
gm,HXuJKJwiO,5919,768,95259
gm,zZBvbnxXtiVinql,3,67,49626
gm,YrhpMVUYfSiYHmnpQnx,669,656,78795
gm,QlkNuTAvVxOemDlxB,7,85,81253
gm,rBkHMMHVxUMi,2,3,14675
gm,FtiNfcbJkqrAeqOwb,2339,789,42912
gm,ZJVRrBNVKLiR,6155,24,57577
gm,JCzYTItKN,73,3,13489
gm,pWYeF,9,176,53985
gm,GEXOJf,5332,788,47461
gm,qzLcUUsbfeq,42,171,63624
gm,HkxttdMoSWmdEGClXI,386,84,87621
gm,EXhkrbG,351,1143,41415
gm,shFHEhwnTfymiYcDqchx,7714,44,59273
gm,SghTUJcPFUC,5243,91,64435
gm,lccxEPuTnCWIrapQCeZX,335,7872,59677
gm,WdiWbvKQgZvAGknn,9427,442,47766
gm,sAKjqbmIWF,5847,991,25398
gm,WwZGiKEdj,87,66,21447
gm,jvrVOEMBkwC,9,785,64271
gm,qmFUAhLz,8,2338,99965
gm,zGWnElqRX,6248,876,71556
gm,uEnNGithofNiq,526,9573,77744
gm,NDeTKR,382,7724,74756
gm,uBQvJmNAUCD,75,38,65977
gm,dctxPSc,5,441,31955
gm,YYRCJ,539,2414,26154
gm,eSbibOtKEJniK,5579,248,71648
gm,YkArwYsuAlEF,8,2615,13155
gm,oIfyimgmfOxVc,6,5,41126
gm,iQxeLXbjkisVAiivI,467,636,45662
gm,EZuycQXGZHuhRZFE,4,3158,41569
gm,xjPAAKn,9228,9145,85442
gm,SdEvxBmrzUjHZ,2187,822,58742
gm,PvAealpOUNDnN,18,5,98537
gm,PUmMn,8287,2553,37981
gm,hJlDTsfgtlYyhlqk,2416,3,48991
gm,ZuaSHDrPKu,3628,48,91558
gm,gBrSmWpBgNZXYKeM,7,3,24944
gm,hSkKQyuvZRkZN,146,9955,23147
gm,sSmRTAXluVIipYI,4,23,17266
gm,uNFfFzyruqqq,197,4925,99184
gm,IPViwGuEW,5827,63,61414
gm,BPYEYmx,2372,855,29958
gm,GwrBXLbYAi,1678,63,18612
gm,AAMhMzDIIulqDVJJfP,6881,6,28336
gm,DNiNEAP,2435,7332,73428
gm,MXDPYtWuuIvoGxkeg,3,127,59399
gm,PZxbHEegluGlIINsPny,2884,79,21489
gm,oLotYE,353,375,28228
gm,caOwjfVzGRhthwriQUAy,8,1761,73192
gm,szUfO,42,2612,61644
gm,EkKMpuzyfuevtTbHeTr,67,34,98784
gm,GeptbiPPMvboS,953,9,33434
gm,JMJEVZpGAIqJvhKAGiPK,592,5,75283
gm,gYPMMoMRdLQPAdw,894,8,32673
gm,NBuMtAtsjlNs,24,1292,34977
gm,KWpjwWBWxBMoJ,2,4245,53688
gm,aDKTwSQchImRZG,64,294,87929
gm,FZgBlTuAqZoOzp,5,117,22574
gm,DmXcvwwiFBoh,2,4,48371
gm,iunVBzbKZBqku,3,4246,42219
gm,jXydDhixozMXGh,7,5998,15763
gm,UhUpfAKLGmA,6,4722,39826
gm,ESeKVWWCNtkcw,384,1,27589
gm,gMudpvcPviscByqXY,6,7,92992
gm,kxGAyzKFCTkxRtCmwUl,4,86,57854
gm,MfQFaa,7611,9924,22436
gm,hbfrKZpi,712,5555,41521
gm,rXLToA,891,8,17277
gm,mMarufmylLk,1,96,88548
gm,WUTpQxe,4,8211,95366
gm,BNqSyasUidYZX,88,3844,36783
gm,olaZBKJNQs,731,2,49326
gm,ZDMLJCBX,95,6564,52922
gm,nZAoxyz,3548,3289,12837
gm,YYpYCnPEpuA,37,581,81147
gm,IYRyEcs,831,3,28385
gm,KFdNHQhgaYqQR,2,76,81727
gm,KJEJsEkFpcuwZdCDJTPL,8,351,49952
gm,JEYDygsQHIAouBCFlv,89,346,37687
gm,PquZdMJWThEJnaBMqG,791,461,17496
gm,HvCNyJPwQ,47,8,51919
gm,UywtEKG,18,861,39352
gm,CCvlnpfOR,2955,287,16521
gm,aOZtMhxEKVRKnMKEFSWs,53,94,49852
gm,CTXAzZbGs,749,8,17188
gm,czOeEYrD,99,3284,88264
gm,MqiSRGQKH,78,6,36199
gm,pjiJq,991,3,15861
gm,RIhHK,1596,987,65913
gm,osBOzqsM,6,7796,72318
gm,gCFaLixlxkINgOkE,4,91,79988
gm,LhQertxNrSbQ,47,383,75742
gm,UBGbKm,6,86,98213
gm,YByjcoadTsNth,91,92,39723
gm,AnrsCjEVNe,9743,9195,63791
gm,kMtzCqhVthrVuIWN,222,288,15146
gm,boMrg,139,23,16389
gm,OzTrrSit,578,6,56675
gm,NZxHQU,262,9,81794
gm,BRXLdoaSe,629,25,88155
gm,WcVYdsnTyXmPK,7,4,38539
gm,JfvKFqspzywY,777,9,32891
gm,qzeasTVugzswzJmR,118,35,12454
gm,AdOropFav,3336,9,38978
gm,MgMHjLNkKSCbwwQUf,8,619,52977
gm,fejACKxtoSX,9,89,67367
gm,OyZof,7,4648,46387
gm,SahKg,7631,2997,32116
gm,YJkal,45,17,66498
gm,LITcVkpyjxisJWoaTL,982,37,66698
gm,QMBSmGLqDsxYYh,8533,94,78176
gm,MDDfgpJLAUNYXhdn,385,6,12364
gm,ksOGeyribTsjt,728,547,23138
gm,lHascNYhGED,6774,58,58197
gm,DSWnZgnqWjv,56,26,75619
gm,PjIAD,3,5576,16792
gm,oieAEvVCMHWh,961,9913,79383
gm,XkIPxsIKXsuPXLeYkB,3,1,27234
gm,FLzTWYibtwkdDB,265,5139,27713
gm,uTrzsyhSOWGa,87,75,53178
gm,ihmsp,8,9656,14762
gm,qqMPRjxwnbtwKCTrZ,9316,875,63635
gm,nnhhTqNjXlzW,9412,2,92483
gm,ciFWizBw,975,92,49456
gm,EqCAestO,88,81,89744
gm,kIEBalYEFg,45,2,36915
gm,qxIrbjfBwNbBDq,11,264,29961
gm,TAeqLlGf,8354,2,25833
gm,jrElQ,5753,185,21397
gm,EfaHa,2146,71,62136
gm,pnTxlsdIDEjAIVcxB,2854,7,99123
gm,zqilxqlQyvHTBSLyOr,711,935,38825
gm,nRolamJoHeICTYE,2,25,22326
gm,ADKlzrI,84,8,49864
gm,PMjYsdWMFcILNaHt,1277,7194,61162
gm,UhZNOs,7,6,45373
gm,RtQIAOc,53,8438,57294
gm,MZrqdJXMKLQiSrDMNyz,1,73,52642
gm,EWPvSGXHsJzOghMjGhN,7,842,47536
gm,odPInJhoMExDWbCFuTve,4259,72,35146
gm,BjqwXjFoRhTahTeyr,5,9,63429
gm,REOjSRkG,8,55,88942
gm,MtEpM,857,7811,25866
gm,TsDCeGwWhrspJzik,321,6,43432
gm,LtwGOLpPH,16,5964,23983
gm,QsXXRvgxhYbuFAh,79,986,32666
gm,GfDFgXvvVS,769,7,87435
gm,MTPCjCVXaruP,4278,586,14427
gm,rUbSghqgVSChYxfdP,1,4635,26116
gm,cEQmRfmMhnci,4222,23,66767
gm,ZiqHx,23,327,58765
gm,xNtKhzMYTgqBGOmJnK,3629,3979,69343
gm,ZtJLiHPvmURIHavY,4,543,23814
gm,TQhbv,3673,8777,73254
gm,iOoxuSOr,9,7,42747
gm,oDRPPdQ,634,876,65695
gm,KtSfjuiElalWcDn,37,67,79747
gm,jyMHHXusOexSsTEHCQdO,2814,2981,64361
gm,BVyLthTRquvNqscMesAG,5452,52,93949
gm,wOiyoUCQeHJ,123,2976,69173
gm,DYpitify,1,4495,83726
gm,slMdJkEIcrrnyJfpj,9451,1,26184
gm,GuNLaqTiHTZAGWaiOw,295,57,56774
gm,QlPOGatpVbQTtPxpZ,5332,826,22675
gm,RffnPyH,6538,25,94631
gm,iKSgjvcZyJlhwSAgxLM,247,27,34191
gm,UwifYCTjlaUOmHw,1,18,76281
gm,YSzVao,5175,738,98445
gm,CYtwDxIhOmuNd,8,1,99584
gm,orJyqINs,829,31,56571
gm,qbjWJvTNWrWYC,71,6663,32722
gm,THCdRPfAY,6,2,21478
gm,MjrrotCrVAp,5,8572,71554
gm,zKwAxLqRgoIp,517,8,23133
gm,eSzOTNOnrCxyUZKQfmrk,92,4,34293
gm,JtivxxDiJVvEvKR,36,469,51288
gm,xQygpPXqJtVPGSmjqV,67,491,36466
gm,PymtLeVL,73,6134,75271
gm,tbINFahe,72,133,26134
gm,IiJufpc,237,317,34911
gm,aepqCgRL,976,8676,78764
gm,ujjmkEtZftsvfM,216,1,79494
gm,rpePkFaBWMXi,834,668,48383
gm,CSJDxMRFhnxNzjmU,9,9,56314
gm,iyMMHsFrA,4,6733,26377
gm,xvrGEpjxQyaqdmlHC,8548,89,61391
gm,JOPet,467,6,29244
gm,NFqfhPHFLVfFhajrWRfD,53,83,44992
gm,AawNzXr,2551,757,88563
gm,KpstSupyDt,923,3,88937
gm,OumHlFRvDNBBKpf,479,83,91354
gm,MwXzVQnGJWWMjEZsUM,2356,2,86371
gm,CNeVHRiffkFpuIOC,351,31,21693
gm,cRXwUfMvmSkajJRh,98,6,86589
gm,VuUBeqnLZN,1,9947,35982
gm,LLOctDnBZeevZBVRnAve,8,25,15744
gm,ssUixROdHASyUqGstzik,3,4458,33427
gm,IXBiVzhH,85,7,74115
gm,IkhcWVHKlFi,2,4817,66411
gm,uCAdjYspbkzzrbzGAadE,296,423,31889
gm,liKSKzQYSRMWoqXvUpee,62,5327,73818
gm,DWLxtzqOTG,1194,379,44119
gm,KWzRBIvlFZqtLtCKSw,4,5289,39518
gm,ywhQvqZ,876,7231,31274
gm,LRipYmtQZBJkGRp,2,68,13619
gm,QLpJAQqdHXJpAwNnD,316,6556,53754
gm,AxYcFctFQGnhvnpAmS,3,5354,27495
gm,usrspHRujCqvoMs,9481,4,67256
gm,AKkEYMhVZVCDCHiwgsa,6,9,43253
gm,TvVWQfXidzRNGoKhwWSp,857,9461,46193
gm,zmXRKUumQpfZoNn,9,9,24595
gm,gInXwn,36,99,75544
gm,VaLvBzGbXZVz,92,566,81959
gm,AzyelgAcW,34,7249,95554
gm,emonfzZe,7872,189,16278
gm,zEYqfUXEGMMS,6,8962,87661
gm,SBGjnt,383,994,49477
ar,27,bRXIeRzrTwhVYRqOk,31,97,47631
ar,72,DMgWDoRsY,455,93,46564
ar,64,hlZPV,3,176,24581
ar,9,ukXteEhSxZOPyboeCb,777,32,74155
ar,54,fQaxWNeUzqJIZekN,24,494,16219
ar,86,aSJYNjAz,1,7867,55825
ar,7,kIWIhQKEnVAXNJ,29,1123,57423
ar,1,zAknFC,9715,319,58841
ar,86,riyKRX,2482,6,38422
ar,28,IdLRjsfVSfIfjQmidqqv,21,398,81665
ar,1,lvWUG,37,3,98117
ar,1,ufLndzTnIAbIVc,9952,9,74368
ar,42,hEVfTEkxnZxvPRjGJ,2647,9846,57715
ar,3,DahuYFBHRwFYYmKcqaZ,5699,7,48129
ar,7,zBIqsNpcPdm,63,7852,98636
ar,1,mJqxmjdk,223,3693,21174
ar,6,oGlzIEICitdCKoJsVXb,64,746,89114
ar,4,KaoxbTIYqjPydSUOcmoD,8326,17,97734
ar,53,JxsAbmcnXOTf,96,123,99463
ar,5,LeFPovgW,2,1,29544
ar,9,XnNkiPdZVPhyvtnsCUIX,7197,42,11497
ar,35,ZXVvEvBCFazdN,7,118,28686
ar,3,SEYeQKiS,5951,1,41478
ar,7,RkjsAkkTUJpWjd,998,76,63755
ar,65,haRhOOZiOiEaFvq,2684,662,48235
ar,31,RITMHV,619,8323,37695
ar,41,VeMhjRqeR,19,3841,38191
ar,13,pYPFS,422,6118,53633
ar,4,mqcNujxeFyMrzcNdSMK,57,24,68533
ar,43,yGoOT,5334,9683,53895
ar,92,jJBiJlNTkBq,243,53,18368
ar,5,vIiKW,919,958,65123
ar,46,PsGOiwVujDd,4,9461,54352
ar,72,yLptqDqYdb,566,162,29488
ar,48,CIuxGigpqoiW,8864,765,94576
ar,77,cgKhCFlPy,62,22,23574
ar,58,vILMpXo,8212,4429,91756
ar,3,VOQQFomOrX,86,59,41979
ar,8,uGnNPMmFnBLJU,2,9439,68435
ar,83,aQTDvKzVZ,9998,161,51463
ar,74,GIxOzWLHMhqD,71,62,53574
ar,4,kvJrLyhvM,6531,3,45123
ar,37,VQapQWvVpCMmGjdNAQo,9521,2858,16783
ar,4,XtDJDDnmbyWvsU,1826,89,77617
ar,88,UfQTC,658,3784,18742
ar,1,YiyhRtBsIrbgngmnMJX,93,3317,47821
ar,72,nbnAiLlmSLevdarvgb,248,3,65839
ar,67,oxnDPdekujNcoSKam,775,674,19472
ar,16,Iwztw,6,71,25825
ar,6,VfLfWnicvjYdjq,4962,7,13466
ar,27,KnFKLMcb,72,458,34371
ar,44,oubfVflILlOtINYa,96,8823,87497
ar,66,OBVAsvgZOmooyknru,47,29,87893
ar,9,GDNDPRW,944,752,12594
ar,51,OHPFAauPqNTrTLlDjJp,96,2329,56275
ar,5,qVhSHlSq,3879,54,75627
ar,65,WyzNObuE,359,6,19947
ar,8,FIgKmJVGWgEGEChxlEd,92,294,75476
ar,3,hFjqJhaH,26,9347,29498
ar,2,IqYfWLm,636,6496,11794
ar,6,OjCkLcVeBfe,879,28,55928
ar,5,cYHVqUTMenGRV,7865,65,38136
ar,3,qPmOR,9,6,57725
ar,8,qPejTfzHS,4,77,11459
ar,31,gARXcmlm,22,37,42727
ar,2,ZIvILwnMMeTysJ,34,5425,59758
ar,8,PRSuJJCHjmwHRrODUA,6,8886,29669
ar,5,nmhsBbumb,372,33,26696
ar,4,ZUClboqjBp,9,3,88386
ar,7,puAWOqRmjyAfSLeOf,445,6763,36437
ar,32,FOthncWtQRklSz,6433,9436,34464
ar,2,uzyMWWWXcTfDWrg,139,96,67387
ar,49,MDIvWXhJIxaLD,851,147,72367
ar,15,zlwqwPeHpMMcNY,27,86,76727
ar,8,yHnDlXEtXECNn,459,7913,93965
ar,9,uCJckavHDvSQZRkV,829,526,93183
ar,38,ERqDwlggWuBn,3855,29,29191
ar,98,EefPBEnNSKF,978,2,26125
ar,2,WhoSTXlUoyOw,91,735,72774
ar,1,ZijON,9,1697,91713
ar,4,lKosvmDqAIAuXF,9,9594,68752
ar,1,EyAvBcrAe,4898,6832,25182
ar,97,VAFocmwZTiarMUv,923,5254,85865
ar,7,rxhtsbsTD,6694,2,67718
ar,73,zNqoGn,825,527,11681
ar,45,dyHeYnPjWJ,3,9,75356
ar,7,smIcmD,1,757,26699
ar,6,IMHFERZTXuEQ,2,9,56391
ar,58,gUJDaBtnEuoLKlzrCy,53,17,32543
ar,51,oZMoKZZoyw,3766,18,91168
ar,49,PpbsnEtVuQAbnINePfq,5,81,45532
ar,18,sexrtqFz,96,23,48385
ar,5,LwdgzgkCpBO,6,59,57245
ar,7,XkayslEo,2,6322,84979
ar,1,YAbvlEJsC,4,89,62284
ar,1,LOEDVprkjg,16,899,82571
ar,1,TNYqkjrwsmabQLtR,25,531,42386
ar,59,uSYaLReOGOAwCKpbQ,2,8556,61318
ar,1,OtoqwJidqVMv,7682,4,94154
ar,7,lSqezpEcHTKRmmAerp,3492,38,46827
ar,11,CsqOlTFsGoLPGCyb,4623,65,63664
ar,3,alVrneBtYykaVWdns,145,739,86626
ar,58,ywqcgiXEUzUBv,74,346,74172
ar,56,qCsIcPUuZwplQewFyzig,4,299,12292
ar,59,ndfOaQiApLYAs,116,6228,64582
ar,4,kjTxoavUEMIbyuvM,6867,1493,27389
ar,69,nmIkYJigRSwyMrJMBB,2371,237,49755
ar,4,ZpgfMzblswUuO,7293,8,56722
ar,56,QEuzHQ,821,7213,37988
ar,1,ZNQgvfxAgUW,341,1752,14935
ar,7,pzPEdWa,93,57,16342
ar,2,vihBidTiCeZQEIO,96,4892,93822
ar,6,MFBBC,5264,7991,18849
ar,12,icIYOoMJeVQmHdup,17,53,96887
ar,8,wfiaovcPyiX,68,6928,52135
ar,4,ibfOC,5,47,23256
ar,4,gzbcxa,88,14,26114
ar,46,TWFkMYTdpHq,229,4864,72561
ar,3,aKkzDdQ,56,19,38412
ar,1,IaDQzb,6215,22,53232
ar,57,Zwsqj,4,68,75541
ar,78,mYdkdaGcrx,2315,349,92644
ar,63,WcdVhgCbWAkjyPCuD,921,6697,94244
ar,95,hwnYQUGDqCzMbjDU,7861,788,73349
ar,31,amiAzEyVDiT,3566,8,85826
ar,2,KpjproFcRbRYD,973,47,91363
ar,97,twbrvUsTvJbd,57,374,34596
ar,3,mwqNAHcnaG,6837,8,88463
ar,1,jXRiUsqKBE,767,599,74865
ar,43,mwihRhRKFmIYlcw,6277,785,72637
ar,8,MqTPulVFQHtsEIweL,48,9633,15183
ar,14,NfrdTS,8,473,23792
ar,92,ZsfqtZMYAkMDq,437,73,24855
ar,54,gCMfzRPxMVpsetY,9841,486,92453
ar,89,tAWCBBXeZLguafx,874,9179,24435
ar,7,sHZGiXhn,275,4247,27712
ar,23,VsJqvwdjGbNES,6296,15,77413
ar,51,JGtFTcegJ,93,6,85534
ar,6,uJnZooecfEpoEbFsZs,4568,665,92211
ar,38,pBMmrysCdsXlMWHTUbt,5,4613,27716
ar,1,paObBQGJoxFFV,2888,4,98583
ar,5,ZizGls,44,23,21514
ar,89,jvgYBOu,773,11,91341
ar,26,uqBBAtfNEsIxsVnpiCJ,797,4,97548
ar,9,IXwtjGTvfqyqgUU,3269,66,12777
ar,26,XbseyoRfiiPGfMqpa,41,687,65427
ar,86,vViNllCzMxT,998,459,33635
ar,3,fbGGFgrQNYwJI,617,848,37198
ar,7,XHniuya,9699,384,73693
ar,3,wsFbHFxzOga,87,634,16944
ar,7,jiCzWnzvCCYSLFSnuyCh,1,819,62799
ar,34,MnReYUFaKwb,159,738,65484
ar,5,hrZYYPYnSIEIgLgdikbS,31,455,59115
ar,45,hxgDSakCUHMezjZWP,273,4,26594
ar,99,mcLVDmgqAGVnYyFQ,7,4646,77688
ar,23,dsWacwkWofJPrXdMt,4738,839,77313
ar,2,dUorPOQeKCKxmL,9159,1951,74243
ar,79,DNvgEJcQ,561,8522,22615
ar,6,FDbDvomYMDkkPq,8834,48,19658
ar,97,lZncwUbQyMwlSsbQ,6,87,12968
ar,77,QwbpotKytcxtiZfJLOd,4977,463,21149
ar,11,RniNzEv,85,62,41912
ar,22,zfqpOXKVbAbcXyKi,618,962,14578
ar,2,cyjnfnsQRbOpmj,41,32,51862
ar,3,CnBuMchLKhVXOahCWkKL,686,416,63356
ar,29,eDflJDM,754,1941,94382
ar,7,idrDYVyo,73,1,47894
ar,48,wgWeJtKDL,7422,82,15385
ar,78,gNajIRdncYJQdktc,5,7422,67932
ar,84,MfMlH,3659,2,52414
ar,5,AxEfafQYqPUqHOdEqt,4,79,66219
ar,55,XqqIGAjsK,3,874,66638
ar,3,YWFwcwbLuAfDonlUw,18,9,75539
ar,29,yOeyIPdgOycyVAdnbKoi,89,316,33663
ar,86,mpkEekBQwrlEHzoDby,4,58,57133
ar,13,zOkNCoKW,49,322,41282
ar,28,FaLgTOVxyjI,7949,6527,86948
ar,9,TGxWlkvYZiaLqLVL,73,6666,19936
ar,9,uJLImruQMHRRun,97,7957,13966
ar,27,MreEEX,1,981,61849
ar,5,dttwHMsJvyBrKPIclJ,245,8,39934
ar,77,smzCRNiwSIrWsA,24,2,61445
ar,58,phhfazIOMPOokDz,2414,2,11987
ar,9,LmZjnIxfpG,4,774,54816
ar,8,srILrGDQsLKyr,41,3,64474
ar,78,TXqgdUCjeapfuuPz,42,9,45229
ar,28,nmUJEsDrtA,7,1,32443
ar,29,eISpuhZtmxNe,4813,3749,67181
ar,28,lUglRucbQ,98,986,27515
ar,53,hZHzzfjZkhb,3,8192,33513
ar,25,DlLNUFsCtfDSBJiqNti,8,3,17546
ar,9,sTmeqvYTcqWokeqofUnY,51,33,11532
ar,4,jGItGuW,8775,1976,62719
ar,5,HHjMngVwQMpzK,561,21,74643
ar,38,HNPMsS,95,155,64327
ar,66,OdNdxkHxXriUAmyVwV,97,4782,56554
ar,15,PMwoZBRqlPCHiQ,7372,48,76361
ar,14,lxGIcyUPYDeGpbNBlwS,31,3,98262
ar,72,kWiCXZILbYJUeEyCQp,7,8,14172
ar,6,tptTXVqTAclHl,1,5275,54392
ar,3,RwpgfYRbAaZEd,76,1,25622
ar,9,fvfhmmLzsEcFIknspSp,172,514,54784
ar,67,LwfYSNZPJtOCGAzVjV,8949,3315,17269
ar,53,pOQUwczGGUjnaN,259,9981,81156
ar,1,uuJZwX,8,9,68939
ar,7,rwPpxKOG,247,8879,51581
ar,3,GPNgUksn,715,92,79549
ar,1,KdBtPiSjdgYpSVmhO,4292,29,82724
ar,66,mRFKiDFvO,8587,82,99895
ar,66,rqnqKLTzwsACn,59,71,28739
ar,17,zVIWSsdtIeNi,92,2847,42328
ar,84,vtCqcbJz,7,8,34396
ar,56,fnPAMYOLfG,478,54,36691
ar,16,kytpaEYxjZKKhtx,422,7761,22836
ar,56,vkmSOzzcRWVd,847,3632,19864
ar,6,IwLKze,83,53,55831
ar,26,ZNIJtgwSWvggvw,7,2612,72294
ar,53,yZNZiAcpFpVtaZ,5,392,56444
ar,18,XfxKuuZGtuiJI,294,7,99359
ar,4,rJWhujRTxTJMnG,7,2,95285
ar,68,sYYBYinVnsiThQKCF,71,121,92721
ar,9,jFtLPyZSzsAp,5349,22,35126
ar,67,PAaMFuQvxBGxAtkM,8,2723,61543
ar,5,UwGBvx,22,9244,96756
ar,92,oNvgrDXDW,8,4,53926
ar,7,oHRFzORJEjvAdrRz,6,886,88228
ar,64,KZBMQTbaJ,72,8,42411
ar,23,nyjNoM,1192,6295,28374
ar,44,vxIwIxeynMmL,7713,79,34459
ar,48,QzaHNlXwZecF,539,976,96845
ar,55,gkhyAudxcZVPjxCbrz,2114,45,48628
ar,8,AhXyUnPxaMjEUGmlwuu,7,9,68616
ar,3,eNNNOfVvBtRO,8427,1,73191
ar,4,JpZbadErjUOvPf,547,681,99811
ar,98,DLNSirTIgP,7,88,81399
ar,7,ALhqYJLQ,421,7,78426
ar,55,hYqQiZdCDPlCZrg,612,12,53668
ar,5,pVtSYQwXR,8,517,23229
ar,3,HKveJw,8,48,66217
ar,11,IMPrDVphvbPZQ,7,85,61572
ar,77,TzBDtqGCWcI,1494,4549,43133
ar,25,MiREBlSbaSEBokXUArPp,8996,2957,28328
ar,86,tNWUriZrUaCjZ,9,45,41359
ar,38,bIEKMyjZIYVDkEF,498,4765,19643
ar,6,mgTTfARWzCHb,33,75,48932
ar,5,gFfDXPbWcVdfydnTzNog,9,3,38899
ar,4,ZaPbmWyKXZoS,2739,2732,53942
ar,1,kyzHNN,4145,677,36247
ar,4,roBtwg,9879,6,22617
ar,4,pfqCRVrJUpp,75,2615,36885
ar,2,HLNNODe,6,6348,35795
ar,72,JBwbA,4799,13,36834
ar,81,qweCzGRhyVtbYQgNty,122,3,67776
ar,36,YCwBwUvDfmIKoz,7848,4,89471
ar,27,LCujC,99,3229,62554
ar,43,UuMITGWeRUGbbONSzWqR,7695,8284,59132
ar,1,rPPFIClYVlajLGNJH,949,233,84359
ar,47,fbkWAupNsfzLzpXtmma,52,6,64648
ar,7,IULiNsXxzXKhWLVuRo,12,83,39597
ar,5,ppgoWpFCOcl,2,2,44515
ar,85,nsaLpuLydCWqWYB,774,6667,93757
ar,5,VXoxKyTBGhYEu,1,9,51321
ar,7,fNRXibRmmY,6185,59,37686
ar,1,ZKExvuHKnsCzsr,457,6345,74238
ar,76,jpuQADqMRqoY,63,614,48218
ar,9,POEpFDvhsAdnLyx,718,38,78459
ar,22,jEPeaeShEaYDdTetCRUq,1985,3,31212
ar,75,NnHmYFQLoTOBtMlh,9,84,21293
ar,2,FSYgCgrSlRtyjIsqR,1,659,71383
ar,42,zDzRLUWyaZHHZULYSp,1847,8421,84967
ar,34,jlWjJVnMJbULBsIpdV,839,7551,84374
ar,42,PvAPhc,4138,5,25268
ar,81,JbeGplwJzctlt,51,35,31127
ar,4,xTVYHvJsvne,23,497,16754
ar,1,ODqmCoOT,95,3,39556
ar,45,MVfPzqhXAotZprmZ,364,4,39896
ar,1,IyiuECwBoSkltXF,154,1861,29335
ar,26,MgnRGyDKBZaWPorp,1,4776,48388
ar,41,rusloFw,3,1,97984
ar,92,DKfMrTBnFJH,95,67,74135
ar,76,QrBuLSoCq,7,849,12318
ar,27,ycpeQiNbnTenbHQojEV,4688,527,43824
ar,79,jCKkzHQVrmNP,1,742,19515
ar,4,QjDyNZHXz,4823,5667,36298
ar,24,qKeFoEhrIm,182,3,59163
ar,61,cnaYuTnoWqtGHYmL,1748,21,81648
ar,94,SENHfEhnknezG,2,23,92288
ar,69,JfXSjWmoCTgJ,8272,4443,28136
ar,96,iBFijkL,4866,3638,86311
ar,26,gyHyeSYbgkfjeokzk,95,4,72474
ar,3,xqbjiWWcTLXNTciS,11,433,69473
ar,14,mhgyRVRKmnvckaEKif,6962,547,51489
ar,43,dzlnQvmWsnHBhvZqDNDD,7,1742,62751
ar,5,QjvwpQmCGhTCnCVJS,832,1,86159
ar,37,fToXZKkFDHQ,5686,568,86776
ar,7,aTtYWSJWxr,449,6322,85312
ar,39,ofKacxdmcULTXX,452,265,85153
ar,87,hJMNuDHUaRUPfEJq,4,372,92291
ar,2,yttGyldOQORLt,3,642,39211
ar,11,IonkAAarySpiYI,4161,6,47732
ar,61,tmWQrzNbhQRlIxtvyM,5129,993,37536
ar,87,LASVHdWEpmHmOmYqCLrz,6811,32,45473
ar,1,XYxOAde,489,4688,19279
ar,2,udWMJsXEIK,5,8,35436
ar,3,STHvqCYtGoEljXZui,5,271,43235
ar,6,fakvtLVdJVoYN,8,3418,88273
ar,2,zdmNr,39,47,26694
ar,7,jWdFLcgZanQqf,28,2123,13719
ar,89,AEYKppNCrmzfMPu,5,4,16877
ar,9,MWrVRlSmA,5964,948,13645
ar,76,EurHs,211,26,88521
ar,72,klcqzziymeUCaMUgkImr,547,534,63379
ar,64,IsKjqKPjMponq,1,6,28927
ar,56,YPaBA,613,2,46241
ar,36,IjhirRCVMaiq,5786,8,17547
ar,66,uSvKLCtFON,942,36,85619
ar,25,FHMJIsgAQERZR,48,2,58265
ar,37,BTNfquoIrLDHHpo,26,8,65347
ar,25,yxtQO,7473,57,98392
ar,89,FIrMUrZukiTstilvkRkL,8,6655,88254
ar,1,MirDHFoIWdcdzCw,6137,8893,58134
ar,1,uFEmIkeOFMXgmz,259,77,67662
ar,23,xlgiKHRZYnBp,46,5967,29754
ar,2,JiTldRpma,4189,72,61932
ar,1,hFlDSdG,74,64,49368
ar,58,YyfpOFvHuafKX,875,2,15467
ar,46,PLvBBf,1416,75,33761
ar,11,OTYabPXED,4676,47,15282
ar,61,SYoLqdInSTYuYod,576,779,39768
ar,86,dzcayHOartfuCTZwZPKf,985,4,76536
ar,6,TNeUn,69,1976,15145
ar,6,XLoOqEBQu,4617,696,69222
ar,5,RJvwsVOgFrjBtyL,431,179,71197
ar,51,oiDXXgRWBpcZMpEnDiIr,3147,4788,65588
ar,86,UQGBRdpqV,172,27,53221
ar,13,mYeUNOrsAebsr,5,9,58371
ar,3,ThiHWvZgOHcMCYenmZ,5376,786,56122
ar,13,WfoPSNcrKNBLJwLr,5,3723,73727
ar,67,hZzEetejmsdJ,11,7343,79925
ar,7,jDRRYwWeNvAakRmwgyNY,279,646,24159
ar,46,LUyDugfW,3795,2,85226
ar,99,zzbhbV,5,7629,79935
ar,39,OQHrTJyTtgshlyqsMnLP,397,693,97581
ar,4,yVQBkWtFnKgJuh,3,725,64772
ar,66,qZwIgBhVBWUPp,21,727,38188
ar,82,Dmipdl,152,5319,63515
ar,25,ewJbP,79,9375,31969
ar,49,TmrnsOd,242,6224,31356
ar,45,BIjobBHqEgMfGkCVX,61,4,58498
ar,9,InkhagtixnmvbEATV,6747,81,45659
ar,6,BWuEL,524,968,79721
ar,47,veqyKXwieel,33,264,75894
ar,5,hEanZ,3,5318,82927
ar,36,mJFvKviACsBXqMdA,1477,9,68523
ar,4,uSTZnbIAEYDxSeSoXxw,7146,3987,67415
ar,56,QNvNnnHCOwKtKFvaVwaa,8,6783,84944
ar,72,mylTUaJx,457,6599,85182
ar,9,qebLuOmUSVJ,889,8357,49153
ar,5,jMnmlbjWgYVrYgqaQ,28,833,49666
ar,8,uwxKMJCOpzWKXVwTuP,9247,289,32287
ar,7,tYukaxxD,7,2,49399
ar,32,kOSjD,8,13,29893
ar,6,KEQQiWijVNxZwghb,3,5,74952
ar,25,icBrf,5,591,76834
ar,7,RUlDygKwHBXbSUOmwqZT,3167,648,29729
ar,4,BgoIwHKpPoRUuSvp,2,376,12169
ar,7,VjMpAV,32,188,97152
ar,27,ogFggUIRTdtw,662,816,22943
ar,1,qKbENXTN,1961,7,24338
ar,87,riaDaHryn,5,694,91492
ar,1,nuZjEEcdfAfH,4471,7,75726
ar,79,oklWuDSFovEWVx,7,115,49113
ar,7,IJoaNsNWhdPtqVgv,3657,6,79442
ar,19,YxFegsYTSKZMiM,9,315,61736
ar,48,ZfLmTCHbFyUq,325,6,69423
ar,3,iJJOnUdq,16,8662,35613
ar,98,weDfppKPq,3,52,76644
ar,8,BxiYooresUoXzNofMXYV,73,5,99769
ar,7,RcQdmWOdAuErhQf,529,3,68124
ar,9,qDKBBNHsE,1,923,75816
ar,6,OljwmtCsnRqfweoTsORG,315,259,12957
ar,55,mkRXZOIgNJtpk,126,76,37345
ar,3,OQcHPQpUYjvwZCdM,4561,1,22222
ar,9,UsINpGzYJpBPYKxDTkp,2,474,18496
ar,55,DNZWhhCgorr,884,9,67149
ar,1,zVBXyU,6671,8,52174
ar,2,hDfUDb,676,8,38731
ar,93,OqSlNpfGglxjXsuj,15,287,72248
ar,75,HOvfksJVPTt,5,2215,41591
ar,5,NQEMzUIprjmDTF,737,1,23386
ar,73,ALLikXn,3,3,19356
ar,68,PWlVwXRUXvoQgGMwPqhH,4925,74,75984
ar,3,AjfSrkgIDsiUbWoRq,6,268,95236
ar,15,rOHNIVqmYarWqspk,831,769,16597
ar,95,ZBwptOyNkOtvcVefA,978,1555,87942
ar,7,crceNNSJNDagtmhEZJrh,547,83,66914
ar,5,PfvJrz,3818,9132,89192
ar,5,kUNPMtyrHSrEFoGlBBLa,5,6,36472
ar,7,oHiWFssgokJqq,7,2552,87981
ar,6,EMsccb,1869,723,54961
ar,9,nUQDu,825,3,38354
ar,95,oblqUDz,416,127,38511
ar,74,YLMCaKrC,7757,3386,63442
ar,76,iFdHRvOswRNe,1535,7887,47794
ar,2,VSmwleIbzk,2,38,83274
ar,8,KVCVdbmrlkgFsafqsn,738,84,77558
ar,53,wZezamZR,3413,8852,69971
ar,31,kUThgZMryQe,229,392,76669
ar,6,ziHuLyzRgcormb,7251,4725,19464
ar,35,zHplXT,276,35,86363
ar,4,fyZkIiXhXyjuqIJT,6,7787,38471
ar,44,KXRSPQoCwuEihpDQZ,569,5,19733
ar,5,fujfGw,44,8,43137
ar,5,ICSDODcaOO,3,2473,53312
ar,6,EiKNGErTGkjvEj,9586,79,47361
ar,2,VaupdhWHg,6,4462,49771
ar,5,YabzsYZVEQ,2,1782,89724
ar,5,JUzONYtMlYqPyUidGn,58,439,14966
ar,42,oulRgnUcmBQmyTWriGra,6576,66,88652
ar,91,IHjNhhZSEC,56,3593,71254
ar,3,TAMvNLiSc,7,2761,91933
ar,7,lGVAz,6283,1,35452
ar,23,qREPjZGnsCd,68,62,72113
ar,8,eOkNbiJGtfcMKsunzpQT,4,5438,27632
ar,39,JfsvqRXZMwFi,1,3178,36879
ar,92,FowwAdWLtlPHdxJu,7988,9459,93515
ar,6,HqcIlAVDliRqiF,652,47,74857
ar,63,BzzEHwQpnjrrzejz,7294,1575,56459
ar,1,gPXIlOnxRurakdIYl,7,3,59689
ar,8,xxazIW,89,1,29728
ar,86,ncSaHg,3,2989,48565
ar,42,KkPbimeCSsSeRa,83,4123,86529
ar,86,UBczUiRKrRmUqjbG,98,3,51116
ar,52,PtQcqAbUdRAgZlZpBA,283,82,71742
ar,26,oyXIMCToVDmzAwzM,41,984,87288
ar,7,GHjOThZqYwAUypDMEz,839,3,42836
ar,9,SDDUkCxdZRH,1566,2,11552
ar,56,tXHbd,31,2,78199
ar,39,RZsjziJGwQdg,1,6289,77943
ar,1,NljcCApPQkNcgmskFnED,48,94,91413
ar,22,eFqUODeH,3,2912,23838
ar,31,LfOIvkHujgVqWH,3531,17,28857
ar,9,hxKvvNRbNh,827,395,25541
ar,32,vetdmqQFLBLyao,568,1,99899
ar,41,vFlXujNuFhPvXZbR,236,631,72662
ar,1,lKcDGxbIKx,28,866,29178
ar,6,gSgIyJwIktDDvYQgdjL,944,3,13114
ar,5,isdpuMIkG,98,158,27668
ar,37,caGOsZi,2217,951,57657
ar,8,WqNfEVKpOOUrolbvLfP,5,22,62721
ar,65,LzHMcWjxODFuCa,9,3,87548
ar,58,JuytosASOcE,1957,16,96825
ar,2,cFfqE,13,736,35942
ar,54,njEuENysbRUzgX,49,51,72356
ar,87,WSmDpgeTHztJNv,842,472,28264
ar,17,JIzJg,55,7,52911
ar,46,hZIoYKxjJAAvYshKxb,4897,3358,47577
ar,1,PrdaiGqHuv,5,589,51797
ar,92,MWQUEwXbeEtleZnQf,8762,46,29287
ar,33,upLcJdvbRjTwEyyHtEQw,874,8759,81137
ar,31,cuLrzhVGBfjoSXQF,182,8131,77424
ar,16,VTDKQDXDDCLtWLwREdBe,33,4282,32514
ar,2,GtupXf,45,51,54428
ar,62,zBOUaqTxzyY,2,55,88494
ar,4,HqlXzXiPm,879,2,75511
ar,2,lkDCtdRxrH,7828,177,62664
ar,19,kCBKUBhAVhsim,556,21,73437
ar,91,ZRpRWmAPovWqM,1893,734,27745
ar,52,zbLTMwAcTspmbChqYiwK,1472,772,91589
ar,74,UJNiMVCHRWThUT,25,715,93765
ar,1,AlZSHxvEgWkfPnD,35,742,84178
ar,37,EaBhTLChLQXxOVRpG,675,255,11824
ar,7,WfEYNa,5211,4588,82551
ar,43,uhbejAFrXpIhw,1568,17,32231
ar,2,ORYhcdAvvYRGWQNA,244,78,23469
ar,5,GJkLFjJDVeANRKJ,52,38,32533
ar,9,owJoGGPCzmVYZgWmaIHx,8,4,12718
ar,81,AgCJPXidYAwlUg,9,4,75695
ar,3,iXkcQnrudOLlHVC,758,3,37561
ar,5,fUzlHzAKW,88,4595,29468
ar,21,VbaqSTUvjvYjdFJ,4828,1,57973
ar,6,wxMmq,884,639,13818
ar,58,vDxiGthe,6441,7,43914
ar,39,CiBxgdfl,7243,28,44491
ar,9,CsTXfSQMeZe,949,3,66629
ar,5,vsztZBLFvms,65,8234,84378
ar,75,GvVAGHGIkvMTRAqnTGiz,3918,7476,37541
ar,9,HMnRmcS,627,93,96948
ar,45,BNXlbqixyRTXAUG,3,62,77486
ar,43,AMoBSskWZu,1,8943,24949
ar,33,eQTcDuFuFSVSqyiQvFSX,8,333,66665
ar,6,MBhYLXkcoFrGvWXXZ,81,48,59355
ar,2,zpNdrDuEo,3,436,59426
ar,7,eHvOxUD,2,5,16545
ar,93,AMOtQuYBKTCncZ,17,6,74447
ar,63,iGmvFtJ,81,5838,19582
ar,3,luYTdPGZDrDPp,6,5416,46837
ar,8,nDSUVklvIzctnyW,8728,9,78429
ar,4,TuaBdjDF,8,28,12556
ar,7,YTiDPirJzQKHjD,111,134,76369
warn,DMXNPqQ,NVUAfpydtAvs,482,34,86999
warn,QNGSBWjjPqXHooYXk,XcQmB,975,9921,31255
warn,mRwtYKWUsAFHvJDYvl,bWplS,2721,343,55893
warn,otiQRIUxctw,GxpJX,9,9,51493
warn,nXjWQwQDGWAU,qwheNHNItNHUThkY,614,1915,77196
warn,ZodoPRSckOFWWOpqH,ufMISFfWNG,19,38,82438
warn,cvoVnL,dhfEkfyAYoWpul,6567,9,86331
warn,UbSPTFRZVDQQi,jXMPtDqqqQjQyYAi,25,6544,97214
warn,N,SUEAvqMSdQq,2967,1,63655
warn,OnYiHhInXoWiMGbi,SsQYi,8735,4335,86333
warn,hVbAjAasuWsWxvUxi,PAekcalxQfVPyyjYfa,2,3,48113
warn,AbWqLhpfbUmdJhMZgGev,nWEAgSgTOY,8738,9,61114
warn,fqGWHqwuVeFkG,ZKcdTdBpI,1,43,48145
warn,ajuyjotMA,cwKVmbSPWJhIOtMIDhu,92,1291,41172
warn,QES,tAxoAKIdu,799,6,48154
warn,Kxx,xArVwVjByxTWVr,384,9434,87151
warn,VyN,OjpBoXbLsmEgCjzU,2,4113,84214
warn,gOnnFiQoxzba,PjrrgmNBnlANsGhKxoRq,2924,4,25887
warn,jZdomqtTjiqv,hcmCSfzyI,63,277,77877
warn,NhksRuDXWVaGqY,RtSXAZ,7114,36,89539
warn,lMUbiQNrwsBH,DnBZynDvQNrugJWgBfUw,8858,6,57472
warn,tRhMpVpjryEOgcRhzBjo,bWPbtxQQGdZLHtBLLaA,4,88,22383
warn,JxtgbEk,RGQOPJBbf,8412,4,45541
warn,qZk,CGPVKUbOieXFOl,86,8,32322
warn,qBkZnPze,KnCRQXon,4228,5341,92153
warn,ztlaTAnmAWS,LfAIprglFbsQqIidTKXt,1882,416,63173
warn,UEDqE,tWxvBSmamCtYj,6148,64,94564
warn,XysOBDQ,rupve,44,6,32356
warn,aximr,SmYROXVjcbfygFJOV,559,6,77422
warn,swUzxkK,haUuBjAWJnTsYd,8465,99,95939
warn,tsLCxlBzDD,bsdgomQj,792,263,51579
warn,QLf,VBTSfj,8583,43,67837
warn,SsOpDTkUmN,mTRky,3762,86,37899
warn,yCiuInrLhUxjQyjZi,qNtYuwFzwggfSr,6961,727,57349
warn,zAk,WcHGWqHajfxzgNps,999,725,33923
warn,IklqDlZbPeC,HssxlXKFqoJF,2197,926,59695
warn,fSlG,JwbtpPFvyzwEaKhvBZns,95,59,62121
warn,FyYjcvmUyEvyqC,OUwoGCjnTznYQISqmE,38,6,73611
warn,riIojaghti,Rznjzh,6691,1399,86549
warn,syFyusVcmrC,eqxwazXY,1,3131,52593
warn,p,fCernBVM,8,4319,22167
warn,DR,xnvtLAtIPQFh,4166,4,93928
warn,YoNrSDXztwDySICRo,ZcjyNDTx,7,5,86116
warn,QyRVSabXNnpumJImp,OFhbdXgEgTn,6894,5,86264
warn,wXDpSstdFyb,SlpIUzKbIOLvfdvB,42,6,31895
warn,vPPUJgTrEVIjSdUseeq,kJSxotzNuEpxgsTHyL,383,8396,95567
warn,QvertyhBcGj,XjnFYWeEZLDEl,5,499,91392
warn,dBDIYbxfllyUG,nhqojGOQ,55,97,98886
warn,E,wQUoqOFGQ,2441,67,29517
warn,hT,pfYyOvwqBZsbTM,565,55,48577
warn,pbksJXRaqw,ibDoMFCSRzL,59,22,93278
warn,bCOzBQmHRJvyojkuD,UJmaRSvmnloR,61,7,34359
warn,YUJOtEHu,fnKRxEaqFsad,51,5537,83426
warn,yZyMcLbiPSDxV,YWNYddMvrpTAxDiZk,4,8624,73169
warn,mHptmusNdaSlp,ztojDCOijHqputVjaRsc,3353,71,12218
warn,BBUldGaq,DZyYamMWZpC,673,6,74283
warn,QqyNcErDquFBK,IILmqWQtrhfp,418,979,23883
warn,CQnGYYP,WNHVSKxukASmgYLlp,3578,5715,76793
warn,RonWSFjI,GuSjQPRbZtrnD,486,9374,89141
warn,e,bOZeFRVc,5,48,49898
warn,JQkqYiKKuRdQGwZEFMgt,BzKyHoZQ,5312,248,53721
warn,GQRNipEUZafaq,RfAxMALKJuQXJsDbik,59,9657,23977
warn,jBXgavJRSpvOmT,voLXLqkaU,97,485,95582
warn,rf,fhBTFUrvHsjfiIETrCgV,464,8435,49867
warn,nuLpgrvdDYCwfFsA,HLmHtcsGRytNPAy,3148,8,84711
warn,sAW,gYKxL,37,7256,76977
warn,mCKYFBciQQA,vMwYfluMaW,82,631,63863
warn,alZAnthrzbjQcvz,dqlDdYxZnff,59,37,87996
warn,jTGd,uTOJGKdcYppQUsPowgrR,158,239,18719
warn,vbsOWZbbiCVjgfGKPen,OTGYbMyA,8929,32,85268
warn,WhWgktRiSTeGvw,KFnDHRULCl,1,4369,76817
warn,ff,SAyoQQ,2,7,85112
warn,raJPPuyuokauUtn,ducgSQsHW,715,3125,76424
warn,uMzHKpyXxeGem,xLxfUFwngASWhGbYNdgR,825,8,77844
warn,ltdarFUKVsBAeUfOLHe,wXHzYnPk,4262,6,78126
warn,ANNLCy,bwxULk,2921,2989,76736
warn,dsUQHoMo,zNDKoNolTvAlbl,7635,18,38323
warn,iACAxwMVeW,WPIvEsuzKlKxfIQWruJr,2,25,68858
warn,XU,zrVfhNdVUzILqQ,7428,4679,35386
warn,EMYQygXwcEfbT,fpceNMN,4745,98,89798
warn,OQCaVN,mrjCJOy,4,1437,32612
warn,oFEyIewDmnTEirBD,NZzCSZZInHhYGdKEgrK,165,577,98129
warn,fzZtVOMH,FNLiTPoLvzwGfV,3,5,25835
warn,rMPQNdSpxiWWsUAzwdYL,pJzfmHaXKZyPtJYwuCQ,17,7324,65252
warn,JAEDWEzyGJhsLcbpd,yXEVOYkEiuaaJkrUpO,6533,4,57495
warn,bP,FUuRBoQxFyNfXbcvO,574,7,82468
warn,goTFw,odIUn,3,67,66776
warn,OhHyKMQzlerxdIz,aYXFBeZxQ,9982,4,12377
warn,LZNHU,cLqzIZoGiieUfjG,14,2,76454
warn,SZWdu,tVJmukwBn,9,987,33647
warn,nNkIRhLzLan,XPcvyN,9613,9,91968
warn,iISMtsRAG,XdVKUDZF,82,752,64387
warn,uOuHdIwCErusoKsavWr,yiDOfiUOUhkThw,75,151,36327
warn,Oto,kCSJcqEIppxs,495,4451,38977
warn,EW,teqBwNYNTgsUcLnzi,41,539,51424
warn,CgMseEsdf,KsJCjlmY,2,3962,13631
warn,juhSfmoLTAH,seSuC,6217,41,72736
warn,hdHTWd,AlYEtDTexGkQVsnUUr,15,66,54656
warn,xKqXVPMmGxxffcVOzLjx,NzPZZfkrrBUWtmkYDirK,2,71,91963
warn,ouPzKCZHODVCj,DDqlXYxcKecos,8,737,44845
warn,phQGitlNPn,FiNkKIj,2,5785,46962
warn,bJfeTPGIxqT,DcgwBw,3929,351,46237
warn,er,TIQVxvmQyDmhkb,4,4,61326
warn,j,CoZdZ,451,442,43476
warn,oCKlpAnIFIpJOp,DsOZGYcrzFEjMRH,4,391,85929
warn,Gd,HJepeplKbmFtrdGrTPGl,7,2449,65288
warn,uCuZMdTgGLbs,ZKXAaaoNyUlTMdeF,29,1351,71275
warn,SrkOyc,dpcGcVVe,7597,6936,55333
warn,Bkpq,ciJkisagmOJ,111,2957,66964
warn,mcNGOPY,ygkeqLbklefaewWVQ,942,8849,73637
warn,h,wlgtxuaKsCOrlpOA,9222,62,43155
warn,morssZwwKKXqkavXaJE,yLqIlRdNCMgR,278,742,34658
warn,JVWZMzkWoPho,zWMes,4,99,33451
warn,DTTteRY,rDdVUHSXNJaFzC,1962,9,99127
warn,EtmYGNdXJzZ,CKCKbknWWgajjdRnV,2,267,98676
warn,guDEStvtRYHOe,zvszDcqCTFDAX,546,5556,71295
warn,dnHQurgrrahGVWCd,fshLjiaMr,1,777,15977
warn,qYnHpZBxj,jyNcUSZEIMwxPbglPQA,3158,4695,79545
warn,rSDLLQQHAO,iycvNRPtZ,998,23,29357
warn,HmgVn,GSAZUGE,5,6,62737
warn,XOZrGBDoTX,YAzsFTh,9149,98,27436
warn,xdMYqQsS,GbHsJHvmcKcyt,584,641,59686
warn,EXJDjrcLqzVcRb,TMIPBnNPvXUOZwoVT,3644,7,23434
warn,exXdNQjcYrlNF,oHqAxRgTkTL,728,845,98746
warn,EPFIGtCFhrRdPu,WIaWTAUvBwCFdyH,946,28,27625
warn,hqBGgDlz,jmrHxk,8117,5487,83164
warn,JJAOEcyieRgSZzyDuKls,FJwJUGYShB,97,1552,97211
warn,pXVaAWVKOLSQsnM,qPlWztmVGbbnX,136,4875,43313
warn,UApbOkQGRMClSwMVQD,SEcUbS,31,6763,45164
warn,eEVyPgrgFRftwCvXAR,yHwrAWdhZQW,5716,677,98561
warn,sTciznoIQmegAVWvHX,PCojwFMLUZKZqlUK,124,7689,66844
warn,xgZkdmYZepsW,WlWbKYzQA,18,551,88189
warn,TFIKnhyFDFdoqWJIVja,JBcYsXWRNeZbkLWkTVa,1,58,69572
warn,DdXS,LWPTSF,5292,44,52129
warn,PYnBmymIGT,bwoUc,899,44,66484
warn,kCKeGWvHETAMatdB,nOwQxvRnomRw,5423,4674,68912
warn,yT,ITXNUBsvyr,7,27,43757
warn,tJi,VMHHHXNWbqzHDSn,7856,77,85259
warn,HEKLNNawrSoQAlLameP,PLQCeUPCFikMQ,26,8194,18292
warn,OgOmTHlNSrpUCgiUmv,CefaZ,7,676,35853
warn,DpWmDHjhoofbixZDBZ,qSsIyBkDDaoVr,47,8,48614
warn,DSFkDjPqzPhEdIXPCbX,EvkULneDkzj,512,34,74697
warn,XtFNwdMmJcGNM,DbDMxKRZssRBYwgOEAlq,653,1349,38265
warn,tqHzC,PtXENECFGUuyMmPhg,173,862,72446
warn,BBpQ,jTiKWtGy,2565,2,69184
warn,LRYKnODVnlisHc,JkogjBsAMeXLadQNz,113,8,73225
warn,TNRBeK,zRIjfBsXFdGixGAxg,54,67,38499
warn,GtmYQxfB,ItjBrZYZApjDsMF,523,937,94511
warn,JBB,skOJksVxopeXNUhl,2254,798,46489
warn,BavmmbzvKrXLid,juUrgmyJMqq,6819,9,73462
warn,CdHAcvwvmWo,McOqBK,3167,674,51854
warn,tKepUdhfiF,BDMnjjkgkoI,1,949,92673
warn,Y,pzheKhpQWQVwecs,24,615,51688
warn,wMAhXtqCSPKcKWpxp,iPuVyZHUOnsrDPtQujK,4998,2,38663
warn,Fb,JrEsbC,449,292,27548
warn,eaygvTIwattwwt,IpWIs,2,7234,28643
warn,WKUFmzStgTlq,VEZrmjySUerhWIXKpZcC,6,8532,39394
warn,zyUdJPOXtkOigurivT,VpawrTtpdiDNtP,716,13,58223
warn,nqumqkdeEnMEC,cEqdtykDv,74,639,51584
warn,rQ,rtZrVsenIU,6667,7,57228
warn,JVCuzjLjoggPQP,UhWdFCXNOKNkhTsKtA,421,8711,61682
warn,VhqWVdBH,KjtkhOBkn,5,718,43536
warn,uahxEqMVHdsFiNhZ,INiTaZpioKPIrlggqro,5221,58,44486
warn,wbXjhVXdliW,gRQNkumRqA,793,6,59752
warn,UejAWevWWFZr,URsWisynB,9,1321,14163
warn,LlewRk,FcekfCBofMhFEqBT,2878,45,96158
warn,lsBWwNApLP,VyMVCTFpcQ,85,5312,44727
warn,wPLTaFBNTyYXS,NfLuOQmxE,499,5741,14346
warn,AyJYlDMiuclzP,XesmynUU,7,7156,22737
warn,wlLtBxgtuxwlNnLixdWx,JZOBn,6,4,97454
warn,FdMJPxzpRgyRYqo,eKYIJNQmstdmQv,8189,54,42793
warn,nkSGLQQImKYoSmQQDP,MgqYcmSFN,242,2689,65885
warn,Usyj,eKoUBJofsSCiUj,191,7,85864
warn,ceybhvWERLPEG,ExgaxhgsfLHbQLf,87,24,73678
warn,nZBMRHzasIhpTvQOPMWg,RZjPSkfVCersF,3412,1366,72762
warn,D,wrOMcTsEZjmSpsotDp,8443,8389,48497
warn,bXXhAZ,kLHMHXgx,1129,31,55464
warn,doIWwngD,yyCCmKNqWOa,1,86,97644
warn,WdeGmjRSrAb,eqgdqGMqfzvifnXk,6,889,16273
warn,HkdbPZ,WsQVqTcb,4634,555,77211
warn,LjOXrscxkFj,WzchdsUrJVMfZlH,5,522,74147
warn,nPgwOLHIdpSStvOqDU,lmoBEaEsClzlaWFqV,7915,1248,47947
warn,OxbpeK,lXrbT,551,778,14837
warn,zvHpCJFzwqZFVLOcU,vHxZdmWCXyXI,39,4537,31425
warn,WWRJdqFsrrbwbLziJ,OraGZMkVtyR,1,5431,59972
warn,DCaYBLSOvrHaipVC,sDqCkKbqiYIszPwmuGA,33,27,92459
warn,eiHvKkMMsRatRz,ErhzfInSLUForrR,6,74,71151
warn,nadB,AIdXFxqTjYPGIck,8149,57,33472
warn,ZmJYYdZUuWGpPKv,RZjxmfmdcLXY,1,6418,39888
warn,dWHQjsoucUGvKl,gnCqXwbiotM,5,9286,51271
warn,VkQDLgNRWPmDGNu,rVrMZxqluLLPXElyo,37,9756,77464
warn,ayJJtLswFWdImiNxJ,AkNdAYojZZMPR,51,96,14621
warn,DsXkJeymwnLjkvpAkex,UuWvYnKItGAEN,482,1,12134
warn,sBgkn,pkiiQZqwq,793,9,74228
warn,pQWohwY,bOYnZVpEqzff,6,3294,17659
warn,HLRgUnfpENHJp,mqeYRnfiBjURF,5638,1,16953
warn,OHv,CsHtV,1,8,44114
warn,otmVWXNGmsHnIl,vdNGCrKdZ,25,35,94719
warn,Rt,VSczYATRUOVTbroaPBb,78,14,29874
warn,KqPEHqVn,qAHURGpAnbwkGgVd,267,6435,53292
warn,dy,QTFsmIcDdFVAxrR,556,89,57852
warn,rlhbmB,ioOjBSYEsWEp,8,8,92353
warn,ysoMj,JsQEipzlij,52,537,62921
warn,jakCOrYfurPxATbAzWI,OBVPPmrjImJBu,5851,879,17131
warn,OLgSAeLFFVZOsp,oXcoAFQLEuUfgtQLteBx,4,645,84217
warn,rMwdIvSG,egGuF,351,1734,49979
warn,GHXOTKpKCAvGYuucZZ,MoNyPaGMzHQAZeLz,66,2,59356
warn,Opbk,YcwhouQrng,4,931,73356
warn,OMkAnBSOsD,pQwlVSgYpJdM,65,53,82669
warn,jS,SLSaXiBWZ,6196,488,97653
warn,ymksUHtHtKYGgBXYx,kxpIgI,45,396,99849
warn,Ql,YRieLbFgWiJFcvAYmSdy,2458,854,21326
warn,gPmSuZPBKmwxcvFxBHxJ,DoneMYaFjNfsY,1,56,67878
warn,osRWquuNpcOwPhJUY,znpFx,64,8351,33794
warn,iZMFVuLar,GksHKfLBLWSe,676,1428,72254
warn,DhUFFpOBPZvm,kyykJSumu,81,472,54226
warn,ZjLo,bvNdPQIbVACNSJmzArc,6497,7815,31666
warn,IHaqjBLsFwClHHtek,MdbFKAxATlIivvq,94,88,76942
warn,QmUAftCHuL,rxkIwOOtuSg,41,77,21597
warn,eMDlPVXHUW,kvwPnn,49,973,56255
warn,WCkr,pBbRzmLrJyzUnRB,152,9827,33777
warn,XJBWFZAioegXez,PUzDT,9,7,45297
warn,EgEgINROqBPxSMh,eGivcOw,38,1,79373
warn,LZgZNCUyeVEDsCOYlsK,mVylsvNCMXiQbFTY,364,7272,34611
warn,lJHHQRaY,loCvyKyr,2,5253,51212
warn,tcuMBdWdoiYUjQviiT,zclBxv,38,97,49696
warn,RWvFhk,umfFDkZFcV,4171,6,87429
warn,CzRuZfi,lapdCgtYV,137,7168,16411
warn,NUbW,FhQLMJUDDeZFEKD,24,1,84631
warn,t,imrHijqW,557,59,65367
warn,uly,VTzTikXuPNlN,68,4334,92876
warn,OVinBHQUXYxE,fvrGuQLZiDat,5,722,42648
warn,ZDYhvWCkjteI,LihBIa,5,82,38857
warn,IXtmhJdsj,SVGhZIcBcKzRDz,2,5,32317
warn,euHmAqdBbrsX,WxlArivsPCnIC,793,7,12665
warn,djj,ZAScBEZwzPZfQWeOJxc,215,5862,14564
warn,ssyKsdROQniTAzT,OKYGTT,6,691,53138
warn,IpQeiGPVCjSRbSbh,ImRuoJviyZfa,293,9411,49495
warn,qVbklplmvtNAAeF,ZOyblPwVbzfQn,961,7,63146
warn,DMDnbdgArvMybZmSyw,OaSoXPDcmlLHZIQhP,25,9,36228
warn,EWermJtwHiiDBPOc,rRrcEjHKwFFrLRqUdxs,29,8985,27872
warn,vdNmoik,ngMhb,79,563,78253
warn,EQnGuLGUYsFSmvE,IWOLrSbElInIEPjvne,454,5555,17161
warn,KX,adgTeYVfnDACpU,665,3896,47592
warn,UKhpn,SaeTV,415,8718,26755
warn,rqUPaqRVNJ,TviOQyl,822,86,77944
warn,bW,FuDwPfXS,531,43,69826
warn,QGcr,NTagxABVw,31,3,67961
warn,DRFhYxMrCEiXmv,ACvXZDFYEAfwxELuj,86,79,29355
warn,AMiwqQQsU,YcZsMvoyDMUoPGiMUg,87,625,23494
warn,gUGJUOqAZMpCxZuj,ZTwGPpTr,91,2,35716
warn,Vn,bksQkSNXL,4,862,26576
warn,beaICZzRpFfuinyNgK,gSSaFYhCGe,4915,696,52868
warn,TVL,bKWCdCnbKZgOUUH,51,49,55612
warn,UaMBoQKEX,gEXrRcptcp,12,3,81967
warn,TVsuVGLHH,xWbsmh,3,4869,41681
warn,PgjPYHOJk,RoWXWWGEUwofuZxuuL,3916,14,85667
warn,ZdpJGLEkSgZHJuXmr,PZBNLdbVNzk,1,9,26943
warn,DXaJpxZckK,QBzuLpvwoQVjjNpkU,555,8576,71517
warn,DczWlgWLRZahcpxIkp,gWdYZhNkxxoiBt,432,651,27959
warn,xpTcQqozNr,Juyaq,8,72,34638
warn,qWjhznfoXkMTIqg,NfqYDXcFke,7366,5,54175
warn,eZGHxObGuq,TTIbwPdmq,7894,85,73145
warn,GK,WaXzzU,93,627,15772
warn,JTJaCwlMQlRBGYm,nNpXHsAvJMkYAATwnrk,6852,73,48735
warn,nkpiEHyWvAhcEseHjQ,IihhTaWTzrzMZbuxv,1,873,58795
warn,tHklZsZYlGlsaAE,sOlrpgNOtkFkAXQtE,4142,35,53737
warn,ehmlkVSoDaEQwlHLNdtV,qAnNiHbbhPdibWnSW,664,6,26198
warn,sTwatOWLJTZId,uZIVcRnlfiu,3,36,79532
warn,sdEUkvqDzijPKaMbdur,pMHqq,825,3851,45925
warn,UkrnQJDcFXHi,QYLFdIXk,727,8667,18944
warn,sgJbMni,UYHosGprFAYIXbEVi,151,238,47438
warn,yYbrv,SgmriEQSoxlGD,742,5133,58462
warn,mathbg,fOdywJmYPNqNcbo,6252,5,76566
warn,EvubKjecxUzuP,xuyLG,368,64,82352
warn,ZVTRtRvSPsEI,GsSBecBTfiWlE,27,6137,44146
warn,wiDQtutwEyMA,XyMNNeRPmQq,923,67,75639
warn,vPzaKqkxVtpTmTyjFcX,vwsYpBJ,1,7,72265
warn,Pj,ZowQOFSQbcfwaOoZUlj,983,1453,98839
warn,KIUprsEvTtgyZUBcofg,UwjqIPVjad,74,8,34132
warn,v,loCLIiXjqpVPAcs,31,2979,71424
warn,w,nUdRpZyZFZQaHj,6991,34,82576
warn,UjlmPjlmMyJwIhgNClhH,wXTcljHGw,2823,88,39992
warn,LTOnUtr,wnmKYuhf,2,4,62282
warn,Gn,LDLICGPblLHBdlw,952,5579,54252
warn,cIIKAqAQ,BeOnX,328,94,85247
warn,b,ohJkODhyJ,984,6,13898
warn,FMsgdVWrUjWoVGzEUWns,NeFvWjaTECPVFKm,22,6,13224
warn,LAPUefWJyXDcsTvPCqKZ,nvKIZkkUiPawvwiJiCGl,7291,47,18675
warn,VEeoPUjtqFl,maWlvlMEepHJNmsx,25,578,59177
warn,m,FSKSKfLEi,84,774,31993
warn,GdbHsYSIyUXOCSCIJu,zGOuUnIrsTFV,3183,9593,65365
warn,AagaKrTVKqdTPF,pXqEqOhazHS,11,2861,81348
warn,O,HCEbOTTxfcOEnjAHCZ,78,2584,11258
warn,RWguz,HIfFTYHcMAZW,393,5964,72951
warn,QGrMjwLYE,pjJGcDuMboMyIXJkaX,22,869,79859
warn,Cmpyui,sdzfLJQCKeelPqXtXI,73,31,93694
warn,aBfaNqSKQUhccsF,fpnomaTVezIiVB,7,3,62684
warn,SpWzG,oCRDwzrIxzoZaQ,6375,5892,81243
warn,KquVi,aiJZbNTI,8414,1,35536
warn,HsTrzOfDQYvxE,tGfqEYIg,1278,9385,13635
warn,JQSYpQyqVqG,vDPaerZS,916,51,16979
warn,WDWCEWPaDhovuB,YzTsObDgN,9,7449,72123
warn,fFxKGh,ErhJYKeEjAhTwLoahkB,3,5,48643
warn,HhSbvkNcIUYUIaiiTjI,RSxrfMONGJxEosOFPPyq,431,66,87487
warn,OXsqNRYoDWShv,PFhUO,7274,5477,61589
warn,gxFfEAlmAV,XORUdjfXxOFyFXPcT,4371,1438,39624
warn,lJnADukiYByB,EPAyGhbNX,47,35,86931
warn,ZvHJxlEf,aLSiiScEYmzvcPyX,58,637,55888
warn,KPwAoiXAQHuAMuYSUIR,MNTJVcI,127,5,74599
warn,EYVIsLvhP,hyrntcQRBledvgWqAHYS,27,571,37158
warn,JKeqaNHrkPnEDO,uIXMqhlAyntUDlernQlh,7,571,76416
warn,ouzbixCZowHEEFe,JBEaBW,8,453,18256
warn,TVYnrAYwVF,LbhlnOxxbENzXZoaLFv,278,9,76554
warn,YCaoxDtmv,pBqaZXZ,7412,58,21294
warn,didXHzeKgANaxcgCXyG,KRismgI,153,617,91867
warn,ZHtRbQv,hiujuHwToXCHctp,5,3426,41398
warn,s,cmHrElwTQbG,333,313,88934
warn,ODNhsyr,GvelUOpVWOWQhc,8235,5837,99339
warn,kZymKK,RXrqrRmjYHFClOasDO,6471,7,93923
warn,L,rclPNyfSRUaTNCOGWj,6,6567,92671
warn,UrtHFZtEsEwDS,DOoBD,33,8369,92287
warn,ilLWMEVkvipgHCMVz,GgRArJHQmygbwY,1181,748,43946
warn,EmhKT,bKxBiUR,5359,14,86427
warn,wRJSFaBIZuiHqUjUSo,FAjIugzYYEtZs,4,9673,75187
warn,BNRNpkeDfsoVE,uGbcCTzvNN,4,8,17458
warn,FvMNHIBiopz,hVNpag,47,83,54794
warn,Wgzp,qUFoNQXzfKCxIO,845,7656,13587
warn,bXHLJMcj,wJqLtC,83,5499,92725
warn,lILxsjSOYtyZvKPbypyw,WLPljYde,18,7562,36388
warn,UkLgUbXM,DROYLo,4377,919,51595
warn,sGWpMJCeJOdINvRvBgRl,tszCqrVcAwLYO,7,268,12126
warn,tyNTJiTKldnkeGDGV,eCRrzquh,429,87,54797
warn,Ho,pkhcmNjUgBfZdjk,3,548,61365
warn,OtWB,hsyMnjGqBIQUAROezY,6,73,85764
warn,qzheoPxGFwvyAUbvxeh,cxCJa,737,881,62581
warn,mLYkz,uwPBhTvrpx,888,949,61783
warn,r,VzuIjgGigRLT,59,1886,64646
warn,vSzeIAlyWQbyNzMNkHcn,ptuWOgSW,4,576,37443
warn,zvaffeeqLxUPgG,sruKcxEp,6669,655,97779
warn,YAnkddoGv,pCtkfFIxObWRCRV,97,7,99236
warn,UzYbTqOHznYcPgFKKXQ,fFvOmFLelrTTPFPgfi,2142,4,48828
warn,HdnXBDAnH,ciMJJxgRItaL,6589,6,23534
warn,zKngpRpCruhMoe,tefDVjtoYlFOD,614,2723,53957
warn,ap,OIVhDyvmsNTzVdpZxxU,7,2,36592
warn,kuLjy,TYztZTJiBdJ,173,22,69187
warn,uVVDyTcmm,ctejnb,939,42,45477
warn,qQXEw,xDvssqNwBPyKaJULYye,4121,67,47254
warn,qAqJNYdxLDfKKWNTQtIV,OsHLRZbimcJNyzCFX,3,25,59124
warn,ecjZBDUAQyVcT,senelyrxuCpPdyh,35,781,39687
warn,gqYytVHnIi,FjWjpYJOAnutj,74,5,18175
warn,XniFBkAqafAMdI,TYJOPq,7,7991,45869
warn,Nz,DycDmj,4414,3797,62757
warn,uMx,yEkYkWvUr,818,8348,37593
warn,RqmQqONIOvdBzG,cbomYFyG,61,5,87772
warn,CHFKVxjZwtpzu,vNsTxrlLBYCmsV,3948,6,27936
warn,qfVIzjwhoPhYOwB,JgPTQE,419,87,86915
warn,YSraWKeWYe,yGQeyzCwiptedwvqf,712,3471,74879
warn,c,LYhovPlQMpUFdE,1139,452,48456
warn,KbfIYGwvMIhoGwV,cmHKXbxC,8,88,64365
warn,ouYBvnEdEuGYjOjOQMP,kxPHchzwNdMm,998,621,66315
warn,msdeFzjMUbOSkpZjcOYm,VMmDIt,4,9,74696
warn,mYvYRrtMURMP,jdGAgnmttdWVlJAGGv,317,29,13557
warn,QMyqAdpUMEUzn,ixxMmDIo,8624,6,78556
warn,BmtvrWv,rAzqcnfLz,326,2,31164
warn,Cqx,mXvPGWtpTsDeX,131,6341,33532
warn,vdpZQvsO,nxYjqAUJJZ,967,7,19941
warn,rlFwV,WzUiBg,5319,7,55555
warn,tQqBKueKgTHmxgUeS,UYrXQVIfMYlZnC,6,352,31459
warn,cOLCYIkgGvhjJUqOp,isHMzggh,27,5176,75391
warn,R,kVeFUwkFnobOYyzqFgY,129,3516,46254
warn,RZPZKLqdX,xFVCCjj,1,48,83115
warn,HqbexuYrDUDOHhg,sKhXK,41,58,67845
warn,N,clBbzopQjSUCsW,7,136,69496
warn,HZ,pjBmGWrnnvITCOKBpijU,2,81,95592
warn,qDfC,htHCh,4987,9,83176
warn,BcgzZaKc,JoDXJbwcAyCYRzfEYIgO,6,56,11337
warn,LFb,OnAZfICYhJCEmUVuHv,9,8,87469
warn,giYVbJTI,RzmTWXBYrpXCCMi,1375,8,39367
warn,oUvmKawg,OlCXfnKCAXGVz,8531,594,89614
warn,VGbVGjxcysVjTaARt,avfNPxxMvXkDaVO,1,5,74761
warn,ahRNElQEoCiPJsM,bKnSOwZOSjt,5,2,51741
warn,ANcmzFm,NZKzB,324,746,61846
warn,fgmDBsScpPXbjhCyEUYf,kDsQiiDKAhW,6,9,66346
warn,JpXQxZiJQtZbTdwv,otceVaRoSenmzgXhC,1,9,29595
warn,wDLR,lngkYxKRGTVXa,12,1619,93573
warn,CrysWKbizzPhSgWLTMg,ViFUubByrhXFKjrxbZfj,8843,31,21236
warn,hGdwpJNrlKznGQ,WZWkLwy,391,48,39146
warn,GzyRaDkfArhALIbACq,UpMWPuhBvWuQLyy,934,5229,74964
warn,lRYphIDxjqIJpAPW,FIDKkdIB,638,7,27838
warn,O,ycGFlunVPs,7573,1743,56941
warn,LkvkTxdItyBCSIKLjQf,bdNBOn,6,1,76377
warn,TGYGXWyHglr,bEwoxnMGgISNzfO,4441,2,52428
warn,JaQzQE,ZMNlNzIKGHyqErfe,58,48,76732
warn,aENPoaRxbG,fePBzTkJ,72,5,91166
warn,NnMuSFFSvVoyYZrfMFV,qMgxdDKyH,18,9316,34517
warn,EcPLopoAv,BZGGqTcfTRKUKHSwxAu,865,5,78434
warn,afNk,tNxIzRTU,5664,1977,38636
warn,lhHVez,ityfqW,771,135,66122
warn,oBE,KaAfwYivCe,9333,928,46847
warn,S,NPaLziBYlUgqvlPqQIna,14,4516,84668
warn,tSQFoscY,SpgTegdHgiqxPHkcl,9,4244,43587
warn,JmEbLRbT,lHvHJGzIQumYfe,77,4499,49796
warn,eiRCUSPzRDahWfaraufR,bfhDdbPw,4,849,16898
warn,gn,AnsPGCjDCCNGWrufvXt,88,161,23663
warn,FqstL,SOZMufh,3,9,95192
warn,uTDLaWFcPLFhxOJzKD,AxulGPoe,614,3,98527
warn,uuYZU,uUCatmJJFjhrXkgodSAv,6,1658,67333
warn,ZnIbW,RomNiwVkMuOVjhH,9112,4924,21145
warn,aKmVCvJLMJsKsbzKlCf,YJNLFNPmxmanpqJumskP,175,658,65874
warn,dBU,zdaiRr,77,9,18342
warn,hSaNuJknbtUhnh,LCNYrRPaLMffCgku,956,3,37928
warn,OEGxgLuDVr,NEcTtsJmLDCzfr,1,11,24191
warn,YUYKih,EsdYGWAfHNLQFe,2488,9328,22823
warn,ZohvTwuxbu,AYZDVUVwmn,63,12,26865
warn,KophWwiH,sBLEMtamQZvM,4975,9314,91435
warn,fwOJpHeWlGyMxxNBE,TlrpBhMnbtNCOftePvo,5,773,74988
warn,Oe,NNsUcaX,388,8852,88481
warn,jGDuKOnBsijf,ifCwIZ,9,54,22216
warn,GfuNyVT,FkUZsWhHXhxzxEkIm,997,67,96267
warn,Y,hpWunGZMnMpwJWkAG,4375,1483,29179
warn,pRNVfICoP,XpZBsLEGlo,8,5,19336
warn,EKGGVmrbrV,xvbUCsbDxhZU,3189,7,25913
warn,ydDcFa,GuUzeGnFhijBSTCmf,36,35,76959
warn,KbzWsBY,RuXyp,751,66,13961
warn,D,PMEeeMqbpxSbuCuN,35,7,39467
warn,wUQm,QexUlEB,67,826,99911
warn,dKZ,uTHTQzgVZimKGPhWu,511,9742,48343
warn,NKykmZRyyQUlVMxYxlDW,OpuKiqMPqGUIi,7,69,79451
warn,lWxOtsaHJ,XywiY,2487,5286,86588
warn,jJarIdfJABUZA,LZstBYEFZQxyz,742,9,81983
warn,jCbHOcHe,levMAiellIQcgjFj,6899,47,83341
warn,UAOlR,kTQcPG,628,8821,85827
warn,b,sfdVXJv,2,81,98932
warn,JdFSkHotftcBcy,CAooB,311,7,52369
warn,BxdE,SHXcYgbQcVJwsrCbG,6,99,97482
warn,RMoN,MqizfkaqHF,5866,183,85325
warn,NJuIhXgIQrJlSehS,AYEOqcAPWDhdq,131,3989,55981
warn,BGwvRvUMcMLtdWhZerK,nUMLegQVhf,817,77,89438
warn,sdSeCACrkIkC,pwabGd,4367,8132,31768
warn,GaFy,VZypMAqIpNVPtt,789,4252,25343
warn,qQNPiwuJPUV,atDZzxlkeWByFPzTtjN,3,1987,63619
warn,BTDtOEHRFSPlRJBO,JjDbFuSwgcogieeVWMNd,7,861,28215
warn,pSnKBrB,EgZlpuiHvc,1578,4879,37714
warn,pEerNCEdkAZwzAY,BNjCXJnTOyKXiRtTBbD,23,6821,86939
warn,tDagrztCxcGN,wamehFXOw,43,397,72922
warn,vtzirC,paoeqLbxNLKK,899,34,26661
warn,ekmhVsbG,ESnVfYFdQqoEkGA,53,1587,47151
warn,IQhEkPIHlyYx,iFlLJUfbsv,86,77,25331
warn,AgOlUaeqEMLvsh,bJonftO,827,4864,84557
warn,wBfhiJadJ,fVjPDxK,8,318,86543
warn,xMMNPhNAhdPEIfkMJe,MTxotHFocy,897,9113,89145
warn,rrSmmGwsTarwUdixBq,eYAlBBSR,3,2479,16713
warn,qhbLrmQfuMfAthCe,suDtXQNUs,4918,9573,82319
warn,tWvFlCnfv,eUiYgUKvoQj,921,8,24744
warn,psjxRgyTY,kajadoIYSLmwWRvEJ,4941,8,63486
warn,ZzplrcfnglIxCuxcVdu,lgufPFdmWGuzvXGr,3,2,55598
warn,kndLBAeWpoBmhsMyP,BQtzRZSM,3,9824,13711
warn,cEf,ZLlyzUfdSpYDcRW,17,2,38948
warn,t,SJdLXQIk,47,7347,81691
warn,JQiQBfVUjRzrST,RZdZlFRHMnnr,8,3538,12232
warn,AXTnGRoewTnwx,syVSAHbRzrWDFFlsjJ,18,218,49275
warn,sevPlkSJo,dRMkjhLxjgdjTDv,21,124,17448
warn,kvbZFOHeywM,RSpJyggnBojIlIcbGFF,2,2958,93521
warn,I,hOZqQO,6,4892,52532
warn,wtSaKzLdMqXxgvpIlRt,UhYTxopwAAtCCqeDOvfh,7135,1,79886
warn,UTgAGyagSbgeOoif,EuLxLEKRum,53,86,69579
warn,TIfod,Tbuxkudx,847,295,43943
warn,lLmcaMMezC,takDSJcATZdJGuPMXgh,69,646,55471
warn,fkERQ,WYrClmXx,744,51,28629
warn,qDP,gmvMsioHUh,2239,4,55763
warn,VCBFzcmw,zxYXdGuycsMp,21,556,87174
warn,TkxiUGJSWEShFTqclK,HGGIdtwXdsbho,6,9,17365
warn,YCgjZmOPzrws,EhDWNzzmTFm,9182,4,37421
warn,V,tigwgtDMQizeWyO,86,719,11221
warn,xkoznjqZXDDAUqebdkL,alTVCgoEfVKPxVSEEB,5746,6732,59699
warn,hukOssibnTye,sxXwHwvtqZwaMSzeWtB,161,296,91684
warn,qnjH,FnslHeiJVHEIgKKeWLRy,1476,4,41555
warn,KpSkFSlXaroNFk,ZiuArZf,4673,7,74414
warn,F,HoCPueYlNKrPRZz,186,77,68522
warn,XLscvxLoaFxidpOYP,sEIJGsRKvp,139,1111,68694
warn,ZRPxnR,uLGxs,7488,3,19436
warn,jGV,UGQRvHWx,2166,198,93812
warn,JaTqWKUVIj,nUsCeuzfUeOLLx,589,29,28151
warn,cbeEvmP,GNbeLAuCjgEmnoTRn,537,5133,92638
warn,WVYMgdqkFp,iYdHd,4532,598,62852
warn,UGXbPTjslJAzyWg,GzNIjWNHwxIMzueaitF,3,1,39782
warn,TtkCKrVVUZfUJdonGOCF,emFBJbhmySUrWuQxl,95,6963,24431
warn,EtOjXIXgBA,VWJjcZUljhXlZH,63,457,28839
warn,pxjFpJ,RnNxcUnMbKj,825,3365,22532
warn,ltirkeWFHDdINwcwG,CxDyDsAbexhW,868,5442,32381
warn,MFNHUwpPIqgskfwKI,HQICnWx,667,15,59664
warn,MrwLEEk,yypNWEQUujV,8,66,43594
warn,shYMto,kZeDMHJOObhni,95,4,86433
warn,HMJTJxwdKgC,qhNwNeHOmrJVr,74,131,68295
warn,LAPJiSL,JiSMsPzPr,2655,33,72697
warn,zzzsp,RbUXjLyHLEUlwuUksb,7,5,76886
warn,djTRCJvfuezaoJvmSf,dXsMS,1,549,46143
warn,vvyXVEImpGt,SMjLKGLBKNuOwQlC,95,14,47412
warn,RlnSyiBFEGAI,jGJvHDDmfXZ,3574,9367,42919
